_STATE,IYEAR,GENHLTH,PHYSHLTH,MENTHLTH,POORHLTH,CHECKUP1,EXERANY2,BPHIGH6,CHOLCHK3,CVDINFR4,CVDSTRK3,ASTHMA3,CHCCOPD3,ADDEPEV3,DIABETE4,SMOKE100,SMOKDAY2,ALCDAY4,SEATBELT
12,2023,1,0,0,0,1,1,2,1,2,2,2,2,2,3,2,9,888,1
12,2023,8,3,2,0,1,1,2,1,2,2,2,2,2,3,2,9,201,1
12,2023,3,45,5,3,2,1,1,1,2,2,2,2,1,3,1,1,203,1
12,2023,2,0,0,0,1,5,2,2,2,2,2,2,2,3,2,9,888,1
99,2023,1,0,2,0,1,1,2,1,2,2,1,2,2,3,2,9,102,1
12,2023,4,10,15,8,1,2,1,1,2,2,2,1,1,8,1,2,205,2
12,2023,2,0,0,0,1,1,2,1,2,2,2,2,2,3,5,9,888,1
12,2023,3,7,3,2,2,1,4,1,2,2,2,2,2,4,2,9,104,1
12,2023,1,abc,0,0,1,1,2,1,2,2,2,2,2,3,2,9,888,1
12,2023,2,2,5,0,1,1,2,1,2,2,2,2,1,3,1,8,202,1
12,2023,3,0,50,0,1,1,2,1,2,2,2,2,2,3,2,9,888,1
12,2023,2,0,3,0,1,1,6,1,2,2,2,2,2,3,2,9,101,1
12,2023,1,0,0,0,1,1,2,1,2,2,2,2,2,3,2,9,888,1
12,2023,4,14,10,7,3,2,1,1,1,2,2,2,1,1,1,1,207,2
12,2023,2,0,0,0,1,1,2,1,3,5,2,2,2,3,2,9,888,1
