_STATE,IYEAR,GENHLTH,PHYSHLTH,MENTHLTH,CHECKUP1,EXERANY2,BPHIGH6,CHOLCHK3,CVDINFR4,CVDSTRK3,ASTHMA3,CHCCOPD3,ADDEPEV3,DIABETE4,SMOKE100,SMOKDAY2,ALCDAY4,SEATBELT
24,2023,1,30,88,8,1,1,3,2,2,2,2,2,3,1,3,202,1
24,2023,1,1,1,2,1,3,5,2,2,2,2,2,1,2,3,103,1
24,2023,5,0,5,1,2,4,3,2,2,1,2,2,3,2,9,888,1
24,2023,3,88,5,2,1,1,1,2,2,2,2,2,3,2,3,201,1
24,2023,3,1,1,2,1,2,3,2,2,2,2,1,3,1,9,888,1
24,2023,2,2,0,1,1,2,4,2,2,1,2,2,3,1,3,202,1
24,2023,4,7,15,8,1,2,4,1,2,2,2,2,4,1,9,102,3
24,2023,2,15,0,2,1,1,2,2,2,2,2,2,4,1,9,101,1
24,2023,2,2,2,4,1,1,2,2,2,2,2,2,3,2,9,888,1
24,2023,1,10,88,3,1,1,5,2,2,2,2,2,3,2,9,202,1
24,2023,3,1,3,4,1,1,3,2,2,1,2,2,3,1,3,201,1
24,2023,2,88,30,8,2,2,2,2,2,2,2,2,3,2,3,888,1
24,2023,2,3,0,8,1,2,1,2,2,2,2,1,3,1,3,201,1
24,2023,3,0,2,2,1,3,3,1,2,2,2,2,3,1,9,888,1
24,2023,3,0,0,2,1,1,1,2,2,2,1,2,3,1,3,101,1
24,2023,1,88,0,2,1,2,1,2,2,1,2,2,3,1,9,202,1
24,2023,2,3,2,1,2,1,2,2,2,2,2,2,3,1,9,202,1
24,2023,2,30,0,3,2,2,1,2,2,2,2,2,1,1,9,202,1
24,2023,1,2,0,3,1,3,5,2,2,1,2,2,3,1,3,888,1
24,2023,3,0,0,2,2,2,3,2,2,2,2,2,3,2,3,101,1
24,2023,2,0,3,2,1,2,3,2,2,2,2,2,3,2,9,201,1
24,2023,3,3,10,1,1,4,3,2,2,2,2,2,3,1,3,888,1
24,2023,3,2,0,1,1,4,1,2,2,2,2,2,3,1,9,202,1
24,2023,3,0,5,4,1,2,4,2,2,2,2,2,3,2,1,201,1
24,2023,2,0,2,4,1,2,5,1,2,2,2,2,3,2,9,888,1
24,2023,2,1,0,1,1,2,4,2,2,1,2,2,3,1,9,201,1
24,2023,3,0,7,3,2,3,4,2,2,2,2,1,3,2,9,103,1
24,2023,3,1,3,1,1,2,2,2,2,2,2,2,3,2,3,103,1
24,2023,3,0,0,2,2,1,4,2,2,2,2,2,3,2,9,102,1
24,2023,3,1,3,4,2,4,1,2,2,1,2,2,3,1,1,202,1
24,2023,3,3,0,3,1,3,3,2,2,2,2,2,3,1,9,202,1
24,2023,3,2,5,2,1,4,2,2,2,2,2,2,3,2,9,888,1
24,2023,2,3,15,4,1,2,4,2,2,2,2,1,3,1,9,888,1
24,2023,2,15,0,8,1,2,1,2,2,1,1,2,3,1,9,103,1
24,2023,5,0,0,8,1,2,2,2,2,2,2,2,3,2,3,201,1
24,2023,3,0,88,1,1,3,3,2,2,2,2,2,3,1,9,202,1
24,2023,2,3,0,3,1,1,1,2,2,1,2,2,3,1,9,102,1
24,2023,4,0,0,4,2,1,4,1,2,2,2,2,1,2,1,888,1
24,2023,2,5,0,4,2,2,3,2,2,2,1,2,4,1,2,202,1
24,2023,3,3,0,1,1,1,1,2,2,2,2,2,3,2,3,102,1
24,2023,1,0,2,4,1,1,3,2,2,2,2,2,1,2,9,201,1
24,2023,2,2,30,8,1,2,2,2,2,2,2,2,3,1,9,202,1
24,2023,4,3,0,3,2,2,1,2,2,2,2,2,3,1,2,888,2
24,2023,2,0,0,4,2,2,2,2,2,2,2,2,3,2,2,888,1
24,2023,3,7,0,4,2,1,1,2,2,2,2,2,3,2,1,103,1
24,2023,3,0,0,3,2,2,1,2,2,2,2,2,3,1,2,103,5
24,2023,2,30,0,4,1,1,4,2,2,2,1,1,3,2,3,102,1
24,2023,2,1,3,1,1,3,3,2,2,2,2,2,3,1,9,888,1
24,2023,3,15,2,8,2,2,4,1,2,2,2,2,3,1,2,888,1
24,2023,2,0,30,4,1,2,4,2,2,2,2,2,3,2,3,201,1
